id;user_name;real_name;drow_ssap;salt;avatar;birthday;sex;email;phone;org_code;status;del_flag;third_id;third_type;activity_sync;work_no;post;telephone;create_by;create_time;update_by;update_time;user_identity;depart_ids;rel_tenant_ids;client_id
1c5acf38-677a-4068-a099-b33fab6f119a;Plastic Architect Exclusive;leverage;Total;compress;Fish Keyboard;2022-09-26;10576;Claudia20@yahoo.com;1-215-441-1541;Loan;43579;1247;Club Creative hub;program Orchestrator;53570;firewall;Music;1-310-544-1827;interface Loan cohesive;2022-09-26;ADP reboot interactive;2022-09-26;39586;(Malvinas) Chips;Practical Extensions;Rustic application convergence
7f00d73b-19c4-49d0-9787-5b770e0abf7a;drive;calculate;Baby Grove Towels;HTTP;Car National online;2022-09-27;62271;Felix.Welch@hotmail.com;220-493-5826 x092;port;84852;76536;Crossing Azerbaijan;Outdoors;70176;support Loan;Fresh;1-519-559-2805 x86012;capacitor;2022-09-26;Practical;2022-09-26;73145;Cambridgeshire;input;salmon
071412bf-b9a4-48b0-aae5-1cd48431bc75;Keyboard COM Senior;Organized;convergence Utah;salmon;Principal;2022-09-26;84018;Alvis72@gmail.com;686-942-1292;Convertible THX Salad;69755;73180;Practical Frozen navigate;Hat Corporate;68068;SDD invoice Miquelon;hardware International Program;1-218-485-3769;Turkmenistan index facilitate;2022-09-26;Director communities Car;2022-09-26;81293;relationships;deposit;Stand-alone
280c9c6a-9ca6-449c-ba65-ce0be93d153e;mobile;maximize Tasty Corporate;program Future-proofed;Internal disintermediate;homogeneous Response open-source;2022-09-27;1741;Arlene.Fritsch56@gmail.com;(255) 774-0541;Mouse parse;72907;35100;portal Greece green;Unbranded Island technologies;97391;Liaison;Fantastic PNG Franc;(387) 823-6661 x3935;Senior;2022-09-26;Paradigm Borders bus;2022-09-26;27122;Plastic Mayen;Rubber Dollar edge;copy
4db8e510-2dbd-4cf1-9be5-9e69dd23ef03;Checking state deliverables;withdrawal mobile Burkina;COM eyeballs;functionalities PNG Knolls;Account incentivize;2022-09-26;80991;Theo.Dickinson@yahoo.com;948-593-9403;Practical Manor;60909;6462;connect Soft Metal;Bike deploy Supervisor;95107;benchmark;Analyst;910.923.4598 x86967;Rupiah Harbors virtual;2022-09-26;Rwanda Dollar;2022-09-26;14874;Aruban Avon;generating;Granite out-of-the-box
82b9f61c-93fc-4984-84e8-b9415ad1841b;Tactics Assimilated;Credit;Steel Factors;Dollar;connect;2022-09-26;52339;Nicole.Ziemann@gmail.com;(732) 446-1418 x8488;Human;7852;93298;Tactics payment;withdrawal fuchsia Grocery;50865;cultivate;Avon back Account;991-409-4105 x672;violet Intelligent benchmark;2022-09-26;web-enabled;2022-09-26;37539;function deposit;matrices;application
e5623006-66b7-46db-aa10-fffbbf265477;benchmark;wireless;connecting directional Metrics;Identity bypass;Uzbekistan deposit;2022-09-26;86601;Montana_Bogan24@yahoo.com;954-313-7820;array Shirt blue;1065;75121;website Intelligent;Forward;39730;Representative;Internal;768-280-3673 x2231;Reverse-engineered;2022-09-26;Outdoors Gloves granular;2022-09-26;22767;lime;overriding Enhanced Unbranded;Borders efficient Manager
0474da82-3471-4591-a297-8b7b99d2a7d0;Cotton paradigms Electronics;demand-driven Tools;Bedfordshire Congolese;Samoa Table;functionalities Avon;2022-09-26;7838;Rasheed.Crooks43@yahoo.com;782-557-1935 x85739;generate Sheqel;98496;75618;Outdoors Public-key Metal;scalable Vista;12078;Consultant Idaho Planner;SAS Enhanced Car;609.796.6017 x8079;cross-media Applications Versatile;2022-09-26;Group Global;2022-09-26;16131;envisioneer;Intuitive Republic Spurs;Kansas Marketing
5347beb8-9de4-44d4-a000-e126f5bbdb79;back-end;mindshare deposit methodical;Handmade Bedfordshire;deposit Upgradable;drive salmon;2022-09-26;22309;Samson.Muller@hotmail.com;1-206-231-8764 x910;black Producer;6763;52349;Cambridgeshire connect Automated;Ohio;70262;Gourde New Granite;reboot withdrawal granular;753.717.8722 x891;Future Customer virtual;2022-09-26;Automotive Human;2022-09-26;78639;Dollar) indexing;Chicken;up Computer
8160d0e6-dd5c-4455-8dfa-939b837e4f4d;Automotive Granite Danish;Concrete azure;withdrawal Knolls;optical;Granite Practical Soap;2022-09-26;65325;Stevie.Mueller@yahoo.com;(926) 614-7007 x279;e-tailers Specialist interface;4858;78551;Chicken Chair;transmitting HDD Product;70239;Shoes Functionality;Chips;858.730.2567;connect transmit connect;2022-09-26;Florida copy Handmade;2022-09-26;65244;Cambridgeshire;Washington methodology;Lead Checking Tuna
